run,XA_page7,XV_page7,XD_page7,observed_cycles,observed_lnR,fitted_lnR,residual_lnR,leave_one_out_predicted_lnR
1,-1.0,-1.0,-1.0,1348,7.206377291472252,7.218912864877187,-0.01253557340493483,7.222119639469146
2,0.0,-1.0,-1.0,2828,7.947325027016463,8.051297026999539,-0.10397199998307549,8.069379113953119
3,1.0,-1.0,-1.0,7272,8.891786635857315,8.883681189121889,0.008105446735426014,8.88160770274771
4,-1.0,0.0,-1.0,676,6.516193076042964,6.587921298459263,-0.07172822241629895,6.600395771922967
5,0.0,0.0,-1.0,2044,7.622663951323595,7.4203054605816146,0.20235849074198065,7.399656634995696
6,1.0,0.0,-1.0,3136,8.0507033814703,8.252689622703965,-0.2019862412336657,8.287817664657647
7,-1.0,1.0,-1.0,340,5.8289456176102075,5.956929732041339,-0.12798411443113178,5.989669854337674
8,0.0,1.0,-1.0,884,6.784457062637643,6.789313894163691,-0.004856831526047323,6.790158560516047
9,1.0,1.0,-1.0,2280,7.731930721948486,7.621698056286041,0.11023266566244505,7.593499002279367
10,-1.0,-1.0,0.0,740,6.606650186198215,6.826418911729284,-0.2197687255310692,6.864639559647733
11,0.0,-1.0,0.0,2396,7.78155595923534,7.658803073851636,0.12275288538370432,7.646277269220649
12,1.0,-1.0,0.0,6368,8.75904072752422,8.491187235973987,0.2678534915502322,8.44460402005221
13,-1.0,0.0,0.0,532,6.2766434893416445,6.19542734531136,0.0812161440302841,6.1871399836756185
14,0.0,0.0,0.0,1240,7.122866658599083,7.027811507433712,0.09505515116537122,7.024155540081196
15,1.0,0.0,0.0,2140,7.668561108015897,7.860195669556063,-0.191634561540166,7.879750216652002
16,-1.0,1.0,0.0,236,5.4638318050256105,5.564435778893436,-0.10060397386782594,5.581932122174798
17,0.0,1.0,0.0,664,6.498282149476434,6.396819941015788,0.1014622084606458,6.386466654438172
18,1.0,1.0,0.0,1768,7.477604243197589,7.229204103138139,0.24840014005944955,7.186004078779976
19,-1.0,-1.0,1.0,584,6.369900982828227,6.4339249585813825,-0.06402397575315533,6.450303184936841
20,0.0,-1.0,1.0,1268,7.145196134997171,7.266309120703733,-0.12111298570656182,7.287372248652703
21,1.0,-1.0,1.0,4000,8.294049640102028,8.098693282826083,0.19535635727594425,8.048718400732238
22,-1.0,0.0,1.0,420,6.040254711277414,5.8029333921634585,0.23732131911395538,5.761660119274074
23,0.0,0.0,1.0,876,6.775366090936392,6.635317554285809,0.1400485366505828,6.621026887280649
24,1.0,0.0,1.0,1132,7.0317412587631285,7.46770171640816,-0.4359604576450318,7.543520926433383
25,-1.0,1.0,1.0,180,5.19295685089021,5.1719418257455345,0.021015025144675903,5.166565889080613
26,0.0,1.0,1.0,440,6.0867747269123065,6.004325987867885,0.08244873904442152,5.989987076729725
27,1.0,1.0,1.0,720,6.579251212010101,6.836710149990236,-0.2574589379801351,6.902571738775852
